class,precision,recall,f1-score,support
No,0.8853354134165367,0.9121812415830401,0.8985578568983225,92076.0
Yes,0.6626757331775895,0.593543324739379,0.6262072771711279,26763.0
accuracy,0.8404227568390849,0.8404227568390849,0.8404227568390849,0.8404227568390849
macro avg,0.7740055732970631,0.7528622831612095,0.7623825670347252,118839.0
weighted avg,0.835191596805534,0.8404227568390849,0.8372234585506512,118839.0
