class,precision,recall,f1-score,support
No,0.901666290650079,0.911507884790825,0.9065603784896061,92076.0
Yes,0.6836710924761239,0.6579979822889811,0.6705889072942252,26763.0
accuracy,0.8544164794385681,0.8544164794385681,0.8544164794385681,0.8544164794385681
macro avg,0.7926686915631014,0.784752933539903,0.7885746428919156,118839.0
weighted avg,0.85257293334541,0.8544164794385681,0.8534186953418013,118839.0
