,tenure,MonthlyCharges,TotalCharges,Churn
tenure,1.0,0.12404311785597003,0.7697029048355929,-0.4184534868331661
MonthlyCharges,0.12404311785597003,1.0,0.6342365522808389,0.2729972791410164
TotalCharges,0.7697029048355929,0.6342365522808389,1.0,-0.21836535120909722
Churn,-0.4184534868331661,0.2729972791410164,-0.21836535120909722,1.0
