column,train_mean,test_mean,mean_diff,train_std,test_std,std_ratio_test_over_train,train_missing_rate,test_missing_rate,train_n_unique,test_n_unique,abs_mean_diff
TotalCharges,2494.37705658253,2544.6173513891345,50.24029480660465,2353.9167103589007,2348.124379409358,0.997539279565818,0.0,0.0,31910,24995,50.24029480660465
tenure,36.577257596003996,37.27971569378178,0.7024580977777859,25.061921651851996,24.777625311462128,0.9886562433504033,0.0,0.0,72,72,0.7024580977777859
MonthlyCharges,65.86622347583449,66.13080332214172,0.2645798463072282,31.067444322949815,31.10413914804399,1.0011811343318984,0.0,0.0,1921,1875,0.2645798463072282
SeniorCitizen,0.1141024648515468,0.11362038836857709,-0.0004820764829697177,0.31793594085071664,0.3173502657891766,0.9981578834403781,0.0,0.0,2,2,0.0004820764829697177
