column,_target_numeric_eda,count,mean,median,std,min,max
tenure,0,460377,42.23131259815325,46.0,23.987157524532225,1.0,72.0
tenure,1,133817,17.125342818924352,10.0,17.91939620784961,1.0,72.0
MonthlyCharges,0,460377,61.293632896517416,65.4,32.28742720162632,18.25,118.75
MonthlyCharges,1,133817,81.59752467922611,85.05,19.490305611281226,18.8,118.75
TotalCharges,0,460377,2771.500515090893,1688.75,2423.0546553208023,18.8,8684.8
TotalCharges,1,133817,1540.9760204084682,829.55,1797.6439053538145,18.8,8684.8
