,count,mean,std,min,25%,50%,75%,max,missing_rate,skew,kurtosis
tenure,594194.0,36.577257596003996,25.061921651851996,1.0,12.0,35.0,62.0,72.0,0.0,0.06305029865312908,-1.4871816314869981
MonthlyCharges,594194.0,65.86622347583449,31.067444322949815,18.25,29.9,74.1,90.8,118.75,0.0,-0.2894857142399094,-1.2779549099004448
TotalCharges,594194.0,2494.37705658253,2353.9167103589007,18.8,639.65,1433.65,4263.8,8684.8,0.0,0.9091694109942958,-0.44628666324666577
