Churn,count,ratio
No,460377,0.7747924078667909
Yes,133817,0.225207592133209
