,correlation_with_churn,abs_correlation_with_churn
tenure,-0.4184534868331661,0.4184534868331661
MonthlyCharges,0.2729972791410164,0.2729972791410164
TotalCharges,-0.21836535120909722,0.21836535120909722
